timestamp,humidity,pm_2_5,temperature
2023-04-01 07:00:00,73.86169434,4.727272727,30.18944855
2023-04-03 07:00:00,67.87249343,14.58521303,29.89514344
2023-04-04 07:00:00,62.99595206,11.93802228,33.85340107
2023-04-05 07:00:00,59.48205054,10.73356643,35.77221914
2023-04-06 07:00:00,66.49357396,14.75886032,31.86249797
2023-04-07 07:00:00,67.05732989,13.01671309,32.9954137
2023-04-08 07:00:00,60.81536955,17.8971831,36.06037846
2023-04-09 07:00:00,60.19132929,5.615115465,35.71060531
2023-04-10 07:00:00,60.21641019,7.598885794,35.22001645
2023-04-11 07:00:00,60.27275622,23.62839248,35.81245566
2023-04-12 07:00:00,59.60332157,31.27121001,35.95038678
2023-04-13 07:00:00,58.36025118,35.18397213,36.84038541
2023-04-14 07:00:00,59.05511798,32.46518106,36.04151691
2023-04-15 07:00:00,58.54445923,35.27607789,36.92879519
2023-04-16 07:00:00,57.67974641,40.21349096,36.88704829
2023-04-17 07:00:00,61.27273007,28.99094708,33.47309803
2023-04-18 07:00:00,58.60164592,38.95615866,36.47152895
2023-04-19 07:00:00,59.1845007,35.04172462,35.9678461
2023-04-20 07:00:00,66.67255356,30.4091858,33.97787393
2023-04-21 07:00:00,63.71142901,39.0132128,35.62531282
2023-04-22 07:00:00,67.35737481,44.9394572,35.26264039
2023-04-23 07:00:00,69.73733291,41.39345404,32.37895041
2023-04-24 07:00:00,65.49214129,31.96242171,33.67830089
2023-04-25 07:00:00,61.90472896,29.12447844,36.40416635
2023-04-26 07:00:00,61.22957919,26.48396095,36.31607534
2023-04-27 07:00:00,61.96303504,16.57967989,35.95238863
2023-04-28 07:00:00,61.02551397,26.52682927,35.64973604
2023-04-29 07:00:00,60.20185635,34.19637883,36.34670566
2023-04-30 07:00:00,61.3136541,36.20807237,35.56212232
2023-05-01 07:00:00,60.83755121,24.51637631,36.48603358
2023-05-02 07:00:00,62.21956533,16.92832289,35.72833609
2023-05-03 07:00:00,71.65730228,12.42280946,31.41431742
2023-05-04 07:00:00,66.44853226,20.94630404,35.10442499
2023-05-05 07:00:00,63.07178651,25.61821975,36.05771995
2023-05-06 07:00:00,67.5882508,24.22825331,34.19169448
2023-05-07 07:00:00,67.5340837,22.46833681,35.35186895
2023-05-08 07:00:00,66.26623866,15.49060543,35.28149248
2023-05-09 07:00:00,65.66561365,13.11691023,35.60943476
2023-05-10 07:00:00,66.57036864,21.49268293,34.64008036
2023-05-11 07:00:00,64.83094026,14.89839944,34.7022658
2023-05-12 07:00:00,63.66983341,19.23275261,35.68327496
2023-05-13 07:00:00,61.18500309,21.74546722,36.89614013
2023-05-14 07:00:00,59.65512081,21.75104312,37.16088583
2023-05-15 07:00:00,62.66232293,32.89700765,35.24664765
2023-05-16 07:00:00,66.56326368,22.84690327,33.70717473
2023-05-17 07:00:00,64.40501044,20.64161447,34.97618673
2023-05-18 07:00:00,65.31582052,20.65013966,33.71604094
2023-05-19 07:00:00,63.27821736,12.90472779,35.45160982
2023-05-20 07:00:00,63.72721411,15.86300417,34.71600635
2023-05-21 07:00:00,59.8689009,17.41794159,37.40614975
2023-05-22 07:00:00,60.28146969,24.11412665,35.27309391
2023-05-23 07:00:00,61.60866176,18.86022253,34.10299712
2023-05-24 07:00:00,59.58390418,26.06193459,36.88891003
2023-05-25 07:00:00,59.84865745,27.68128045,36.37071582
2023-05-26 07:00:00,59.68402236,24.92200557,36.09815465
2023-05-27 07:00:00,64.16042884,22.58688067,33.73377904
2023-05-28 07:00:00,63.50571146,17.2632312,35.27745451
2023-05-29 07:00:00,69.40027908,18.97079277,32.57462354
2023-05-30 07:00:00,63.36116021,18.00139082,35.50724353
2023-05-31 07:00:00,64.60082753,21.11691023,34.14348342
2023-06-01 07:00:00,62.32157545,15.31053733,35.97145054
2023-06-02 07:00:00,60.69572942,14.23467967,35.86639787
2023-06-03 07:00:00,58.79673755,10.18314763,37.08347201
2023-06-04 07:00:00,60.65199723,11.21070932,35.33561271
2023-06-05 07:00:00,58.94007036,19.32428671,36.05681099
2023-06-06 07:00:00,60.74319768,21.93393602,35.23588517
2023-06-07 07:00:00,63.78442026,12.97144847,34.17909202
2023-06-08 07:00:00,64.58090382,16.67849687,33.62770861
2023-06-09 07:00:00,63.46078092,33.81476323,35.78891233
2023-06-10 07:00:00,63.8442218,37.09046625,35.05188944
2023-06-11 07:00:00,63.82629649,34.87691238,34.25035437
2023-06-12 07:00:00,69.53760836,32.00904662,32.95084848
2023-06-13 07:00:00,65.04155399,35.36300417,35.47874695
2023-06-14 07:00:00,63.53135377,38.24105622,35.63254595
2023-07-01 07:00:00,67.84407419,11.08105561,31.13194104
2023-07-02 07:00:00,68.55286536,9.705164993,32.2409236
2023-07-03 07:00:00,63.14222831,11.46903271,35.84160982
2023-07-04 07:00:00,61.74103038,26.18871866,36.26939333
2023-07-05 07:00:00,62.08552663,25.5087108,36.17613364
2023-07-06 07:00:00,59.11567731,30.80935754,36.87934684
2023-07-07 07:00:00,58.65470434,22.41533101,35.96188876
2023-07-08 07:00:00,62.24891546,14.27468707,34.55581198
2023-07-09 07:00:00,63.43199027,9.937631395,33.89284329
2023-07-10 07:00:00,64.7202578,10.63595506,32.75719357
2023-07-11 07:00:00,68.43731155,10.08087201,33.56822219
2023-07-12 07:00:00,65.98456224,12.28291317,34.5868595
2023-07-13 07:00:00,68.93888193,14.16214335,33.53906174
2023-07-14 07:00:00,64.20118732,19.50625869,35.75896453
2023-07-15 07:00:00,60.29864981,24.39888812,36.37207519
2023-07-16 07:00:00,60.5368569,20.48189415,35.5632731
2023-07-17 07:00:00,57.80328739,15.27279054,36.46842431
2023-07-18 07:00:00,58.94101328,14.7835769,35.42414464
2023-07-19 07:00:00,57.86245793,8.629548763,36.15946728
2023-07-20 07:00:00,70.45824957,19.6775766,30.09635463
2023-07-21 07:00:00,63.99565906,10.68571429,34.99022842
2023-07-22 07:00:00,65.87621187,25.69749652,33.48824407
2023-07-23 07:00:00,65.04575257,23.06685237,34.10116955
2023-07-24 07:00:00,62.81113053,31.10097493,35.16022366
2023-07-25 07:00:00,60.48204852,25.52924791,35.65512357
2023-07-26 07:00:00,61.43129862,21.76339596,36.54677612
2023-07-27 07:00:00,68.06203263,25.9770195,31.6823189
2023-07-28 07:00:00,62.25657719,19.78148921,36.27098195
2023-07-29 07:00:00,61.08526284,16.79192763,35.76628556
2023-07-30 07:00:00,59.5119617,15.5782881,36.0604903
2023-07-31 07:00:00,67.14450762,27.24512535,32.74729205
2023-08-01 07:00:00,69.59136347,26.45163535,32.48855878
2023-08-02 07:00:00,71.99442234,21.88075314,31.96904918
2023-08-03 07:00:00,68.95875467,32.36022253,34.32710396
2023-08-04 07:00:00,65.43043504,28.65622825,35.09848704
2023-08-05 07:00:00,65.06247348,38.41852368,35.12583146
2023-08-06 07:00:00,68.57642756,39.49443672,33.78596299
2023-08-07 07:00:00,65.04165766,21.14265832,35.04240733
2023-08-08 07:00:00,65.39484907,16.16063978,34.33914269
2023-08-09 07:00:00,62.54976255,17.26426426,34.89709205
2023-08-10 07:00:00,67.81006708,11.6147427,33.03453278
2023-08-11 07:00:00,64.6859463,15.20414201,34.46506381
2023-08-12 07:00:00,61.41878454,15.26793558,36.02831393
2023-08-13 07:00:00,62.47097751,10.96724891,34.70227777
2023-08-14 07:00:00,62.3484662,8.862773723,34.95302184
2023-08-15 07:00:00,68.75623112,13.49964714,31.67280839
2023-08-16 07:00:00,70.46090845,9.186046512,32.18459159
2023-08-17 07:00:00,69.0588991,9.728621908,32.35981168
2023-08-18 07:00:00,64.429042,18.78775226,35.04173862
2023-08-19 07:00:00,62.19981181,13.32588974,35.44294082
2023-08-20 07:00:00,60.47147239,17.68497914,35.90022187
2023-08-21 07:00:00,61.46842941,17.54836465,34.7466818
2023-08-22 07:00:00,60.61778112,19.27974948,35.64661333
2023-08-23 07:00:00,65.71949823,21.90668524,32.98617201
2023-08-24 07:00:00,61.41542631,22.25,35.75711497
2023-08-25 07:00:00,60.88396478,15.23783032,35.53880058
2023-08-26 07:00:00,67.50159851,10.21781489,33.38718677
2023-08-27 07:00:00,76.30648737,17.58853047,32.6809639
2023-08-28 07:00:00,84.48974671,13.97969188,28.24985634
2023-08-29 07:00:00,77.75298793,22.95337159,29.43028707
2023-08-30 07:00:00,84.80749199,16.39288207,28.05912591
2023-08-31 07:00:00,88.41762188,20.53203343,27.61751568
2023-09-01 07:00:00,82.47622372,13.81382228,28.78746613
2023-09-02 07:00:00,91.5338784,12.12536023,26.61461684
2023-09-03 07:00:00,89.28020713,11.52350877,27.34718923
2023-09-04 07:00:00,87.73071841,10.32033008,27.69933926
2023-09-05 07:00:00,95.79528543,16.48967972,25.68589891
2023-09-06 07:00:00,93.89551078,6.872688478,25.63375002
2023-09-07 07:00:00,82.50750492,15.32097902,28.63397309
2023-09-08 07:00:00,86.63190668,33.91567944,28.66367065
2023-09-09 07:00:00,86.25418429,17.21593291,27.94291907
2023-09-10 07:00:00,82.6992403,14.51081647,28.41066611
2023-09-11 07:00:00,90.7511065,7.634289919,25.18127519
2023-09-12 07:00:00,80.75895547,23.17573222,28.633624
2023-09-13 07:00:00,87.70880383,44.63782275,28.32270119
2023-09-14 07:00:00,80.19774496,40.59427374,28.90870449
2023-09-15 07:00:00,83.44512656,42.57063326,28.90833533
2023-09-16 07:00:00,80.25419809,34.31818182,28.96398713
2023-09-17 07:00:00,83.48805939,26.6051532,28.66274601
2023-09-18 07:00:00,81.64252601,27.9048951,28.68169955
2023-09-19 07:00:00,80.88462249,30.78983994,28.45621926
2023-09-20 07:00:00,85.16810477,18.85226481,28.77746936
2023-09-21 07:00:00,81.6976516,17.7922807,28.75177879
2023-09-22 07:00:00,92.08977533,21.61270063,26.55793464
2023-09-23 07:00:00,86.4483854,17.28451883,27.92952266
2023-09-24 07:00:00,93.25697657,20.36449963,26.63911347
2023-09-25 07:00:00,93.33490242,16.31748354,26.44944087
2023-09-26 07:00:00,95.65209613,15.16085409,25.97024359
2023-09-27 07:00:00,95.99850196,9.138749101,25.72992089
2023-09-28 07:00:00,90.91153574,23.94918843,26.34380458
2023-09-29 07:00:00,84.96519629,52.37815126,28.98895297
2023-09-30 07:00:00,86.67815528,67.01117318,28.61073562
2023-10-01 07:00:00,80.81353672,54.45233125,29.45056775
2023-10-02 07:00:00,76.71436806,46.78965758,30.23307728
2023-10-03 07:00:00,84.55710199,33.17130919,28.81204181
2023-10-04 07:00:00,79.68804498,15.40055827,29.36834108
2023-10-05 07:00:00,90.2856743,19.47247387,27.41712174
2023-10-06 07:00:00,83.03856185,15.60041841,28.90644792
2023-10-07 07:00:00,91.51446985,14.87456446,27.57153896
2023-10-08 07:00:00,93.15085413,22.33263744,26.78588003
2023-10-09 07:00:00,92.9493035,43.79497908,27.25222881
2023-10-10 07:00:00,87.209548,45.8546471,28.18572964
2023-10-11 07:00:00,91.7202983,34.05288796,27.05685165
2023-10-12 07:00:00,91.35282929,21.87935844,27.63893363
2023-10-13 07:00:00,92.2104032,21.73607242,26.971926
2023-10-14 07:00:00,92.66056338,16.52642559,27.5942384
2023-10-15 07:00:00,83.33655149,21.06564246,29.41550861
2023-10-16 07:00:00,90.8833597,9.676655052,26.96246475
2023-10-17 07:00:00,86.25762059,12.06599713,28.66455887
2023-10-18 07:00:00,89.26917736,21.1932713,27.138159
2023-10-19 07:00:00,86.53506483,24.51013277,28.19527557
2023-10-20 07:00:00,91.60993078,18.83193863,27.14555305
2023-10-21 07:00:00,88.91830843,23.36731844,27.86396987
2023-10-22 07:00:00,89.62103708,15.4818689,27.78531893
2023-10-23 07:00:00,89.67043539,19.81767571,27.31920233
2023-10-24 07:00:00,86.85402525,21.64340544,27.80096528
2023-10-25 07:00:00,83.76705118,20.19428571,28.57736895
2023-10-26 07:00:00,92.34010209,18.80696864,26.99402548
2023-10-27 07:00:00,91.43539957,19.92055749,27.31236547
2023-10-28 07:00:00,82.95821582,14.16027875,29.13599691
2023-10-29 07:00:00,91.5499575,16.63718663,27.12623928
2023-10-30 07:00:00,90.44460232,12.25017422,27.6429288
2023-10-31 07:00:00,91.46956296,8.277234637,27.8610533
2023-11-01 07:00:00,92.07268068,15.6008374,27.7236558
2023-11-02 07:00:00,96.5490655,9.023012552,26.2290126
2023-11-03 07:00:00,95.34033769,12.05574913,26.37837365
2023-11-04 07:00:00,89.29839498,17.85604472,28.07941853
2023-11-05 07:00:00,89.13748762,26.35724234,28.1127621
2023-11-06 07:00:00,93.71479789,10.31426554,27.19095794
2023-11-07 07:00:00,88.63494567,10.06489881,28.66563376
2023-11-08 07:00:00,90.53038185,22.91695743,27.74551529
2023-11-09 07:00:00,95.00411459,23.22749477,27.20901887
2023-11-10 07:00:00,93.19901499,26.91410615,27.24453948
2023-11-11 07:00:00,90.0502321,24.01540616,27.73782735
2023-11-12 07:00:00,94.62990442,14.87123863,26.88020776
2023-11-13 07:00:00,91.58622201,10.32011134,27.61512783
2023-11-14 07:00:00,92.55251854,8.450842697,27.22310127
2023-11-15 07:00:00,93.43053128,10.56092437,27.29329069
2023-11-16 07:00:00,95.60868424,13.31963788,26.68313804
2023-11-17 07:00:00,99.92291516,10.05049787,25.08122487
2023-11-18 07:00:00,97.18860514,9.084745763,26.31661833
2023-11-19 07:00:00,97.62635105,3.980611484,25.50394166
2023-11-20 07:00:00,91.9982173,14.77035491,26.83142553
2023-11-21 07:00:00,92.48871482,21.83403068,27.22964085
2023-11-22 07:00:00,96.98346266,20.38900487,25.74729785
2023-11-23 07:00:00,98.3977364,19.68763103,25.53851494
2023-11-24 07:00:00,95.9970199,19.24267782,26.2715372
2023-11-25 07:00:00,96.41116713,15.62343096,25.92036128
2023-11-26 07:00:00,98.5676028,12.25803792,25.03803202
2023-11-27 07:00:00,99.49585859,8.460759494,24.23397429
2023-11-28 07:00:00,93.38343602,3.074903475,26.10641742
2023-11-29 07:00:00,94.96117942,10.13249651,26.34141649
2023-11-30 07:00:00,99.43588444,8.853440572,25.15879287
2023-12-01 07:00:00,93.97793245,9.320953048,26.55464681
2023-12-02 07:00:00,95.31272832,9.43251305,26.32038125
2023-12-03 07:00:00,97.53561231,10.71289199,25.62638019
2023-12-04 07:00:00,93.38063641,5.473087819,26.96259777
2023-12-05 07:00:00,89.94864409,5.030412744,28.16719422
2023-12-06 07:00:00,91.4990787,10.70013947,27.80468814
2023-12-07 07:00:00,87.78722022,13.29366736,28.19262673
2023-12-08 07:00:00,94.51158948,12.28002793,26.30843252
2023-12-09 07:00:00,86.29153185,13.56158664,28.24403698
2023-12-10 07:00:00,84.40455498,16.14982578,28.44564931
2023-12-11 07:00:00,88.5751914,26.88539483,28.10200846
2023-12-12 07:00:00,86.46335473,28.50383275,28.3059912
2023-12-13 07:00:00,85.23914197,26.96643357,27.95887629
2023-12-14 07:00:00,93.99593422,20.24826147,26.51554281
2023-12-15 07:00:00,92.71083303,17.70090846,27.13941263
2023-12-16 07:00:00,94.08716903,18.33682008,26.65406629
2023-12-17 07:00:00,85.96986803,15.00907188,28.1491934
2023-12-18 07:00:00,86.01466783,13.61549197,28.40764072
2023-12-19 07:00:00,86.0156802,12.54157932,28.15072717
2023-12-20 07:00:00,90.95069358,16.41631799,27.32956296
2023-12-21 07:00:00,93.96134595,18.26936497,26.45062435
2023-12-22 07:00:00,87.19577096,12.3261324,27.67747387
2023-12-23 07:00:00,84.54442748,11.15073273,27.92468252
2023-12-24 07:00:00,91.30509656,15.52407537,26.30594227
2023-12-25 07:00:00,93.18022495,13.95578947,26.14292154
2023-12-26 07:00:00,92.50663475,13.4143454,25.9146312
2023-12-27 07:00:00,89.59093184,24.76445993,26.50033376
2023-12-28 07:00:00,86.97005941,25.46615492,27.56162588
2023-12-29 07:00:00,87.77200053,14.87927425,27.79464282
2023-12-30 07:00:00,90.45771955,16.68780488,27.53083182
2023-12-31 07:00:00,86.93401153,16.78133705,28.07821003
2024-01-01 07:00:00,85.8462385,11.78785764,27.9721328
2024-01-02 07:00:00,85.75446948,15.01810585,27.87594192
2024-01-03 07:00:00,84.44739654,10.75696379,28.01946791
2024-01-04 07:00:00,84.36320585,15.01324965,28.17471721
2024-01-05 07:00:00,82.98828617,20.77351916,28.21769854
2024-01-06 07:00:00,83.35007355,24.78859527,27.74980912
2024-01-07 07:00:00,86.1296762,23.16655052,27.90337222
2024-01-08 07:00:00,89.83622649,20.49965108,27.20504786
2024-01-09 07:00:00,88.29838704,17.77228412,27.62179919
2024-01-10 07:00:00,88.78560031,15.59749304,27.69249759
2024-01-11 07:00:00,86.5960854,19.35490605,27.8940797
2024-01-12 07:00:00,85.53030787,19.75226797,27.65856444
2024-01-13 07:00:00,85.60855742,26.10716771,27.23784323
2024-01-14 07:00:00,82.62584538,24.77089136,27.49110396
2024-01-15 07:00:00,81.16042215,24.02719665,27.59857243
2024-01-16 07:00:00,82.76167142,24.46657382,28.13057062
2024-01-17 07:00:00,83.47168506,18.39721254,28.28937329
2024-01-18 07:00:00,81.89871721,14.08002784,28.09645246
2024-01-19 07:00:00,83.74729386,20.05578801,27.93755299
2024-01-20 07:00:00,84.76223808,26.20473538,27.83890224
2024-01-21 07:00:00,83.15683524,31.75104895,27.83847996
2024-01-22 07:00:00,84.2145508,29.92887029,27.74339825
2024-01-23 07:00:00,90.02753048,10.87351502,26.24770872
2024-01-24 07:00:00,86.64476661,13.62430168,27.12480607
2024-01-25 07:00:00,90.76561897,16.27094972,26.68107807
2024-01-26 07:00:00,89.60973436,14.0967293,26.56023502
2024-01-27 07:00:00,84.94739148,20.26386913,27.38915043
2024-01-28 07:00:00,83.31537912,18.94425087,27.16743193
2024-01-29 07:00:00,82.67241611,19.02367688,27.31369384
2024-01-30 07:00:00,84.16946191,18.61977716,27.05918267
2024-01-31 07:00:00,82.38295048,23.87787858,27.54499002
2024-02-01 07:00:00,83.21769219,21.57520891,27.59205617
2024-02-02 07:00:00,83.24425012,29.5356623,27.55845179
2024-02-03 07:00:00,83.55676468,20.84192201,27.64524748
2024-02-04 07:00:00,83.32615082,22.31101813,27.74235078
2024-02-05 07:00:00,82.47556593,38.12256267,28.06230648
2024-02-06 07:00:00,82.79112103,29.79624478,27.82855464
2024-02-07 07:00:00,83.8802926,27.4707113,28.03631967
2024-02-08 07:00:00,81.34854808,31.84759916,28.15784763
2024-02-09 07:00:00,81.79316855,27.89106145,28.45109993
2024-02-10 07:00:00,80.60824784,33.06136681,28.01632904
2024-02-11 07:00:00,78.79293294,28.56664341,28.43631266
2024-02-12 07:00:00,77.12204611,25.89547038,28.0150262
2024-02-13 07:00:00,77.2719233,26.23044693,28.12529643
2024-02-14 07:00:00,82.42831859,21.90413534,27.67204508
2024-02-15 07:00:00,85.07794643,24.52859135,27.7959803
2024-02-16 07:00:00,81.01166847,24.59679666,28.47161351
2024-02-17 07:00:00,80.37121564,24.06973501,28.34807844
2024-02-18 07:00:00,78.31726164,23.18619247,28.17203992
2024-02-19 07:00:00,82.49571116,24.58280922,28.24376074
2024-02-20 07:00:00,83.07656406,19.75958188,28.72075004
2024-02-21 07:00:00,82.30345435,16.19107392,28.78093316
2024-02-22 07:00:00,80.23197717,15.13857939,28.63295536
2024-02-23 07:00:00,80.1267206,8.390909091,28.38342646
2024-02-24 07:00:00,78.73191222,7.146239554,28.72545149
2024-02-25 07:00:00,77.75814514,8.763763066,28.81430832
2024-02-26 07:00:00,78.7075677,23.64450665,28.98648707
2024-02-27 07:00:00,79.99238143,23.34074662,28.72598855
2024-02-28 07:00:00,78.05396646,19.96933798,28.99522227
2024-02-29 07:00:00,76.45023302,24.88726514,28.83002734
2024-03-01 07:00:00,77.29198981,25.61688765,29.01734689
2024-03-02 07:00:00,79.95302672,23.50522648,28.94817162
2024-03-03 07:00:00,81.60879045,28.75801953,28.92051708
2024-03-04 07:00:00,78.24328056,22.47944251,29.14631163
2024-03-05 07:00:00,80.3398051,28.9554007,29.12427123
2024-03-06 07:00:00,79.90096457,32.24895397,29.02547235
2024-03-07 07:00:00,79.63033579,35.14156206,29.39773785
2024-03-08 07:00:00,78.75333727,36.84759916,29.30684944
2024-03-09 07:00:00,78.46043129,30.40348432,28.81951044
2024-03-10 07:00:00,85.30283305,17.40609497,27.75005797
2024-03-11 07:00:00,77.93799573,40.58647141,28.57434404
2024-03-12 07:00:00,75.88952996,33.59788732,28.68113121
2024-03-13 07:00:00,77.64590174,32.3037694,28.675063
2024-03-14 07:00:00,74.96188114,27.35052265,29.33800919
2024-03-15 07:00:00,76.5957136,20.47276536,29.63915741
2024-03-16 07:00:00,75.12778097,29.26220363,29.49778685
2024-03-17 07:00:00,74.80578174,20.08432056,29.47631045
2024-03-18 07:00:00,76.90016538,27.15716273,29.23216384
2024-03-19 07:00:00,76.86263301,23.54755245,28.96109509
2024-03-20 07:00:00,74.78507859,20.95473538,28.85626414
2024-03-21 07:00:00,75.00987207,25.51011863,29.04270201
2024-03-22 07:00:00,75.16672654,32.30801394,28.9059539
2024-03-23 07:00:00,76.84172794,28.07492997,29.34335192
2024-03-24 07:00:00,76.85174886,33.03146853,29.8268536
2024-03-25 07:00:00,76.41816377,22.71796657,29.92742065
2024-03-26 07:00:00,75.33724552,18.6810585,28.86341741
2024-03-27 07:00:00,79.98394732,20.43215031,29.5502857
2024-03-28 07:00:00,79.50742197,16.63022284,29.86144027
2024-03-29 07:00:00,80.23509861,21.74982578,29.87079421
2024-03-30 07:00:00,77.54540322,17.15550907,30.5140029
2024-03-31 07:00:00,81.71164687,28.35609756,29.16196296
2024-04-01 07:00:00,78.39977774,28.91841004,30.15535046
2024-04-02 07:00:00,78.81658885,27.92178771,30.18562237
2024-04-03 07:00:00,73.53111002,23.01600557,31.07896658
2024-04-04 07:00:00,77.07690073,23.02515723,30.58062431
2024-04-05 07:00:00,76.03120914,29.7745098,30.57505819
2024-04-06 07:00:00,72.63762825,32.77475593,30.40595084
2024-04-07 07:00:00,71.92040397,33.00628492,30.20464206
2024-04-08 07:00:00,73.17164379,26.07252441,29.85019794
2024-04-09 07:00:00,77.625503,17.25505226,30.48599292
2024-04-10 07:00:00,78.7313814,13.2353352,30.59474882
2024-04-11 07:00:00,78.15978732,15.40069686,30.041027
2024-04-12 07:00:00,74.26240513,25.70313589,30.37890598
2024-04-13 07:00:00,76.00224922,30.11281337,30.40502207
2024-04-14 07:00:00,76.20523246,32.0641115,30.04203645
2024-04-15 07:00:00,77.07628053,32.84958217,30.36574442
2024-04-16 07:00:00,76.56359038,23.0097561,30.39988899
2024-04-17 07:00:00,75.47644134,14.22632312,30.41331912
2024-04-18 07:00:00,75.54243846,19.31236897,30.65588475
2024-04-19 07:00:00,72.34449675,29.10508003,30.91548332
2024-04-20 07:00:00,75.8826705,30.69177127,30.49847895
2024-04-21 07:00:00,80.50875194,33.68784916,29.75259081
2024-04-22 07:00:00,78.94839207,34.01324965,30.70718924
2024-04-23 07:00:00,77.89426327,39.7270195,31.02916874
2024-04-24 07:00:00,76.95622336,34.9735007,30.93370427
2024-04-25 07:00:00,75.52562663,38.30522648,31.21142598
2024-04-26 07:00:00,78.65909802,34.39748076,30.91755801
2024-04-27 07:00:00,83.82472289,38.85913529,29.7298331
2024-04-28 07:00:00,73.52320657,19.60933148,31.57114817
2024-04-29 07:00:00,85.96587803,29.7325419,28.97449518
2024-04-30 07:00:00,80.29646855,25.11350975,31.14000581
2024-05-01 07:00:00,74.37671367,23.73849372,31.63099566
2024-05-02 07:00:00,73.38827378,22.58246347,31.72952544
2024-05-03 07:00:00,78.17842197,25.29497908,31.47594927
2024-05-04 07:00:00,80.64228075,30.54285714,30.17356435
2024-05-05 07:00:00,82.60137406,24.81101813,29.66836279
2024-05-06 07:00:00,90.43696656,28.03489184,27.73754091
2024-05-07 07:00:00,78.77417291,31.67505241,30.27017261
2024-05-08 07:00:00,81.82914595,31.72195122,30.14613167
2024-05-09 07:00:00,74.73151527,17.36515679,30.96741554
2024-05-10 07:00:00,78.47499987,12.74912648,30.89544769
2024-05-11 07:00:00,80.68281425,24.75690999,29.6671014
2024-05-12 07:00:00,82.1045397,22.4436669,29.85647353
2024-05-13 07:00:00,76.97138207,22.2128402,30.7742318
2024-05-14 07:00:00,80.81147595,32.58176757,29.93807405
2024-05-15 07:00:00,79.0212648,14.81608392,30.83466643
2024-05-16 07:00:00,72.52436095,15.63490725,32.37470871
2024-05-17 07:00:00,89.71861097,21.02707137,27.42356083
2024-05-18 07:00:00,85.07833465,28.53133705,29.08199165
2024-05-19 07:00:00,77.63846184,40.7994429,30.97059661
2024-05-20 07:00:00,79.61201034,42.87656904,30.31221269
2024-05-21 07:00:00,79.88479652,38.99930216,30.2624217
2024-05-22 07:00:00,81.27774708,24.65502793,29.71703072
2024-05-23 07:00:00,85.66511846,22.16561845,28.58229905
2024-05-24 07:00:00,78.20867468,13.68715084,29.70276527
2024-05-25 07:00:00,77.67025435,15.31358885,30.68209326
2024-05-26 07:00:00,75.90537835,25.38294899,30.28034079
2024-05-27 07:00:00,73.83189754,19.17015342,31.61398063
2024-05-28 07:00:00,76.12196711,27.04672245,30.60323285
2024-05-29 07:00:00,75.557348,28.55254001,31.58001626
2024-05-30 07:00:00,86.32290255,43.07252441,29.60261442
2024-05-31 07:00:00,84.053981,35.99094077,30.07859484
2024-06-01 07:00:00,90.27101857,31.11297071,27.3466568
2024-06-02 07:00:00,85.81328477,27.80822873,28.4537
2024-06-03 07:00:00,90.37051083,18.60114778,27.30112503
2024-06-04 07:00:00,85.521101,23.93952484,29.13964254
2024-06-05 07:00:00,74.68580455,21.05783972,31.17220104
2024-06-06 07:00:00,72.81669614,16.11645746,31.01205172
2024-06-07 07:00:00,73.30865692,16.43593315,30.85115415
2024-06-08 07:00:00,84.8538695,14.94425087,28.76886967
2024-06-09 07:00:00,74.54366768,15.72442589,30.79832821
2024-06-10 07:00:00,71.75489685,16.39860627,30.33086453
2024-06-11 07:00:00,73.67303194,20.08513608,30.44672783
2024-06-12 07:00:00,66.97542413,18.72891986,30.90844398
2024-06-13 07:00:00,70.1925843,21.07038328,31.01136377
2024-06-14 07:00:00,70.14765192,17.11854951,31.02151898
2024-06-15 07:00:00,69.89310944,14.05285118,31.56453534
2024-06-16 07:00:00,75.43130116,12.79846583,30.54206096
2024-06-17 07:00:00,86.86304975,12.94289694,27.47126811
2024-06-18 07:00:00,81.20105214,6.338825215,27.9267957
2024-06-19 07:00:00,80.93526687,10.70543175,28.65603646
2024-06-20 07:00:00,78.16695422,8.902352103,28.94068654
2024-06-21 07:00:00,74.90348048,16.88021638,29.77914552
2024-06-22 07:00:00,82.38640948,6.452717796,27.22335431
2024-06-23 07:00:00,81.73970203,13.346126,27.39873797
2024-06-24 07:00:00,78.58603579,18.24646893,28.19401402
2024-06-25 07:00:00,81.01164964,22.75876578,27.86797169
2024-06-26 07:00:00,81.28347202,35.80809491,29.26426999
2024-06-27 07:00:00,75.86911378,41.52328767,30.70805603
2024-06-28 07:00:00,76.50144272,25.80890688,29.45247395
2024-06-29 07:00:00,86.59802963,25.3138483,27.85293417
2024-06-30 07:00:00,85.31881911,17.26727146,28.38376744
2024-07-01 07:00:00,74.95137048,23.33942857,30.76023912
2024-07-06 07:00:00,84.46078339,19.12298387,26.61548192
2024-07-07 07:00:00,83.91633381,12.62578397,28.13306998
2024-07-08 07:00:00,79.33187051,10.12910128,29.01214203
2024-07-09 07:00:00,78.97999038,13.70078181,29.52413207
2024-07-10 07:00:00,84.14478705,11.21886249,27.98043017
2024-07-11 07:00:00,83.4388376,29.64390244,28.49131239
2024-07-12 07:00:00,81.93161472,22.2289492,28.25557602
2024-07-13 07:00:00,88.26627827,21.28471738,26.89404984
2024-07-14 07:00:00,78.88277126,35.29428173,29.61132452
2024-07-15 07:00:00,78.42673682,18.49686848,28.3907564
2024-07-16 07:00:00,76.30206367,26.66294487,30.04884981
2024-07-17 07:00:00,81.17648219,55.23763066,29.30594978
2024-07-18 07:00:00,90.39449298,27.89323098,26.45606201
2024-07-19 07:00:00,76.45217917,41.4550036,30.44393239
2024-07-20 07:00:00,80.99872056,39.95104895,29.41675539
2024-07-21 07:00:00,77.93462547,43.35584958,29.71648293
2024-07-22 07:00:00,81.53543599,52.19372822,29.38676548
2024-07-23 07:00:00,78.40035459,47.19260293,30.29352972
2024-07-24 07:00:00,79.31866452,56.58188153,29.906738
2024-07-25 07:00:00,75.56486565,51.59860627,30.12776588
2024-07-26 07:00:00,69.33157127,41.53157399,31.97412958
2024-07-27 07:00:00,79.61584251,43.9893617,29.24187951
2024-07-28 07:00:00,76.256224,46.09337979,30.22835235
2024-07-29 07:00:00,84.81040345,31.60432659,27.20965304
2024-07-30 07:00:00,83.90592584,25.12526096,27.41999192
2024-07-31 07:00:00,79.97535412,36.74808095,28.98986586
2024-08-01 07:00:00,82.16214339,42.48641115,28.82260924
2024-08-02 07:00:00,79.34841151,40.06276151,28.65135894
2024-08-03 07:00:00,77.87436075,38.87108014,29.5769084
2024-08-04 07:00:00,84.96056818,33.11350975,27.48141832
2024-08-05 07:00:00,79.49094432,17.12334495,27.67388343
2024-08-06 07:00:00,83.46877194,18.75487465,27.73884902
2024-08-07 07:00:00,76.4523769,22.64628821,29.18128003
2024-08-08 07:00:00,84.16152568,9.896502498,27.47148346
2024-08-09 07:00:00,77.19732633,26.79888268,29.56972324
2024-08-10 07:00:00,79.46371217,31.97892442,28.88126908
2024-08-11 07:00:00,75.55976141,24.28681089,30.09083822
2024-08-12 07:00:00,75.03297688,18.56943475,30.01366507
2024-08-13 07:00:00,73.19424998,17.16212003,29.69578808
2024-08-14 07:00:00,74.59018135,16.98538622,30.37940105
2024-08-15 07:00:00,85.01987093,24.88850174,27.91325193
2024-08-16 07:00:00,81.05826378,25.45010468,28.96682132
2024-08-17 07:00:00,82.13292121,28.25313808,28.96033224
2024-08-18 07:00:00,82.17043368,22.46582985,28.37336879
2024-08-19 07:00:00,83.91406217,19.59106769,28.18048331
2024-08-20 07:00:00,84.78303554,13.88749126,27.86649351
2024-08-21 07:00:00,77.71376709,6.534919417,27.71931733
2024-08-22 07:00:00,72.46505408,10.06993007,29.86993022
2024-08-23 07:00:00,83.20783526,13.1821975,28.20410471
2024-08-24 07:00:00,88.9732534,8.225944405,26.01949933
2024-08-25 07:00:00,78.44613376,10.07423581,28.42230371
2024-08-26 07:00:00,86.22989816,7.913489736,26.51314892
2024-08-27 07:00:00,81.00537612,11.48179272,27.89517275
2024-08-28 07:00:00,85.88332499,6.442622951,26.43186253
2024-08-29 07:00:00,82.70771813,10.75524476,27.10422734
2024-08-30 07:00:00,81.7727714,12.47622378,28.16149838
2024-08-31 07:00:00,76.40470189,26.15749129,29.70076831
2024-09-01 07:00:00,79.93252916,31.01672474,28.48115593
2024-09-02 07:00:00,75.7599108,19.67595819,29.76119127
2024-09-03 07:00:00,81.74874979,20.64619679,27.96983882
2024-09-04 07:00:00,75.29412922,12.36072423,29.07769582
2024-09-05 07:00:00,72.65450411,8.74713467,29.81454323
2024-09-06 07:00:00,75.39137765,12.91529074,29.63740072
2024-09-07 07:00:00,79.4251371,11.14072971,28.64928609
2024-09-08 07:00:00,87.22867949,20.49755757,26.44431868
2024-09-09 07:00:00,86.35868899,16.94039271,25.88072741
2024-09-10 07:00:00,78.58080342,8.639044944,28.0160147
2024-09-11 07:00:00,72.66622189,17.16097561,29.67749613
2024-09-12 07:00:00,75.14571311,17.68549512,29.60061351
2024-09-13 07:00:00,79.52681784,12.93728223,28.16711461
2024-09-14 07:00:00,81.6072508,15.1130742,27.3607377
2024-09-15 07:00:00,87.71391164,12.92862141,26.3500812
2024-09-16 07:00:00,88.78566723,10.61560084,26.1922981
2024-09-17 07:00:00,86.57421576,5.671597633,26.20331138
2024-09-18 07:00:00,85.36191027,12.67618384,26.51308709
2024-09-19 07:00:00,87.60651607,9.20362622,25.83750519
2024-09-20 07:00:00,84.54054147,6.273551989,26.59193593
2024-09-21 07:00:00,87.77755853,23.67339833,26.06237303
2024-09-22 07:00:00,83.18803207,16.80739707,27.54344849
2024-09-23 07:00:00,85.53767373,13.62044818,27.20858882
2024-09-24 07:00:00,84.82973769,8.740250696,27.11201198
2024-09-25 07:00:00,88.20076645,19.74773519,26.69226397
2024-09-26 07:00:00,82.71559302,24.56284916,27.6337545
2024-09-27 07:00:00,82.47740012,17.94121763,27.75811093
2024-09-28 07:00:00,78.08422613,8.76059322,29.10103829
2024-09-29 07:00:00,82.83937044,17.52970651,28.3395866
2024-09-30 07:00:00,76.85496904,20.61366906,29.38033129
2024-10-01 07:00:00,82.15872855,11.05979073,28.20346938
2024-10-02 07:00:00,76.75424646,7.894154818,29.18260306
2024-10-03 07:00:00,81.28443238,6.3717605,28.93400217
2024-10-04 07:00:00,84.54155265,10.12570508,27.61087797
2024-10-05 07:00:00,78.31159987,11.18673219,29.23329179
2024-10-06 07:00:00,89.52144613,15.88363955,26.24946977
2024-10-07 07:00:00,86.93065584,8.598759049,26.67051303
2024-10-08 07:00:00,78.85378882,12.34114583,29.01271221
2024-10-09 07:00:00,81.19401929,11.639964,28.04213832
2024-10-10 07:00:00,85.39869337,21.6510989,26.94483899
2024-10-11 07:00:00,82.06753453,18.27888087,28.21810799
2024-10-12 07:00:00,86.65745724,24.37196765,27.55251023
2024-10-13 07:00:00,83.24957883,13.20682731,27.84232069
2024-10-14 07:00:00,81.12347252,28.1208373,28.61368683
2024-10-15 07:00:00,80.18388209,17.63483146,29.08002724
2024-10-16 07:00:00,86.049848,12.57530402,27.32886853
2024-10-17 07:00:00,78.47886376,11.94227006,29.27992761
2024-10-18 07:00:00,82.20402712,13.6002004,28.04389195
2024-10-19 07:00:00,80.21457381,15.02017291,27.73033555
2024-10-20 07:00:00,76.94288431,10.83240223,28.61406706
2024-10-21 07:00:00,76.18421841,13.41289702,29.08347098
2024-10-22 07:00:00,65.95375175,16.67857143,30.37696459
2024-10-23 07:00:00,62.13189701,16.47765641,31.26285187
2024-10-24 07:00:00,73.70208253,15.51353965,29.18380523
2024-10-25 07:00:00,83.74614879,18.44026975,27.49380231
2024-10-26 07:00:00,76.19190738,9.276406713,28.23893859
2024-10-27 07:00:00,76.15902617,9.532258065,28.54906867
2024-10-28 07:00:00,85.31494128,9.783910196,27.09468602
2024-10-29 07:00:00,79.32753535,11.56382979,28.93442605
2024-10-30 07:00:00,78.08489019,23.79897436,29.21834563
2024-10-31 07:00:00,70.97803319,15.82626263,30.74384624
2024-11-01 07:00:00,71.84119689,17.48340708,29.90009337
2024-11-02 07:00:00,66.62397052,9.457230143,31.31601489
2024-11-03 07:00:00,80.35946605,15.10655738,28.47105215
2024-11-04 07:00:00,79.12977413,15.12067156,28.47761843
2024-11-05 07:00:00,82.68254435,18.29393305,27.79536614
2024-11-06 07:00:00,82.95141129,4.819429778,27.58404337
2024-11-07 07:00:00,86.24373623,5.745833333,27.05153116
2024-11-08 07:00:00,81.08681928,5.868038741,28.03481533
2024-11-09 07:00:00,87.8662839,3.763761468,26.3341383
2024-11-10 07:00:00,91.53910266,11.11948956,25.47366503
2024-11-11 07:00:00,81.29989365,3.959623149,27.91596753
2024-11-12 07:00:00,83.15174543,5.006486486,28.34498727
2024-11-13 07:00:00,92.74579284,5.573248408,24.35453952
2024-11-14 07:00:00,76.22960408,13.14476386,29.41865561
2024-11-15 07:00:00,77.46741441,18.20214031,29.26864415
2024-11-16 07:00:00,75.19552444,23.31857143,29.69944888
2024-11-17 07:00:00,75.34767713,11.13012295,29.72967276
2024-11-18 07:00:00,73.77014536,13.10821643,29.79556687
2024-11-19 07:00:00,72.6844396,14.79540918,29.61901227
2024-11-20 07:00:00,72.91664838,13.41915551,29.58897582
2024-11-21 07:00:00,82.23102686,7.340101523,27.3490766
2024-11-22 07:00:00,86.72115726,3.388157895,26.58326941
2024-11-23 07:00:00,88.02833613,2.737723214,25.68271225
2024-11-24 07:00:00,83.00122543,8.232484076,28.07446776
2024-11-25 07:00:00,85.72395608,3.170517052,27.22366282
2024-11-26 07:00:00,87.38037429,5.548140044,27.09644911
2024-11-27 07:00:00,92.9485639,15.29356358,24.60456041
2024-11-28 07:00:00,94.42925158,10.25661914,23.68946595
2024-11-29 07:00:00,94.97291483,3.489130435,23.70704856
2024-11-30 07:00:00,92.03506723,8.888399413,24.88858509
2024-12-01 07:00:00,82.47203572,17.54706534,27.0500664
2024-12-02 07:00:00,82.8523281,14.64568528,27.61667208
2024-12-03 07:00:00,79.08326574,13.73526474,28.23022202
2024-12-04 07:00:00,82.93179735,28.16205128,27.83687191
2024-12-05 07:00:00,86.33631916,11.41017653,26.34416323
2024-12-06 07:00:00,85.9489745,7.329533679,26.66639029
2024-12-07 07:00:00,77.07546453,8.889937107,28.87896683
2024-12-08 07:00:00,81.34446238,9.769791667,28.47717733
2024-12-09 07:00:00,75.53309806,11.33013845,29.53757167
2024-12-10 07:00:00,87.58851807,9.2668187,26.26851881
2024-12-11 07:00:00,86.21114315,12.11149033,26.96842134
2024-12-12 07:00:00,76.76375739,23.36947368,28.44922766
2024-12-13 07:00:00,91.50571854,25.33930571,25.17852675
2024-12-14 07:00:00,92.64725453,16.01075269,25.29949062
2024-12-15 07:00:00,90.92676344,9.330097087,25.67493374
2024-12-16 07:00:00,79.7649149,3.025287356,28.35347451
2024-12-17 07:00:00,90.34836141,3.617924528,25.19116312
2024-12-18 07:00:00,84.05981007,14.57254464,27.11066405
2024-12-19 07:00:00,79.96245062,16.49308756,27.81244039
2024-12-20 07:00:00,81.18694567,13.84709821,27.21149422
2024-12-21 07:00:00,75.51609395,17.38274336,28.14132658
2024-12-22 07:00:00,74.54950517,21.65016146,28.19279967
2024-12-23 07:00:00,75.32883579,29.2356257,27.94152466
2024-12-24 07:00:00,81.53418756,29.04697987,26.57672829
2024-12-25 07:00:00,76.30350411,25.8778626,27.3606459
2024-12-26 07:00:00,74.53896781,25.48758465,27.8856105
2024-12-27 07:00:00,75.20863671,24.46922184,28.56615288
2024-12-28 07:00:00,85.09993301,9.878718535,27.52938638
2024-12-29 07:00:00,75.15775666,6.484953704,29.261208
2024-12-30 07:00:00,80.37103848,10.6025641,27.48605957
2024-12-31 07:00:00,75.57260566,23.22209302,28.27162924
2025-01-01 07:00:00,72.44257267,19.56271577,28.56644241
2025-01-02 07:00:00,76.00503258,26.08156425,27.97402378
2025-01-03 07:00:00,73.68862709,23.38171429,28.30912984
2025-01-04 07:00:00,75.65725964,29.21723731,28.66062691
2025-01-05 07:00:00,78.87444664,21.0023753,28.30080045
2025-01-06 07:00:00,72.84464272,13.0478972,28.82550871
2025-01-07 07:00:00,70.6302986,36.53956835,29.14509714
2025-01-08 07:00:00,71.16863679,35.53675613,28.92154323
2025-01-09 07:00:00,70.98357325,33.81077982,28.38316499
2025-01-10 07:00:00,70.49148702,37.29122807,28.94570446
2025-01-11 07:00:00,73.56838108,40.51173709,28.35745935
2025-01-12 07:00:00,85.37980604,34.02521008,25.43497185
2025-01-13 07:00:00,78.29220202,42.59463087,25.99734112
2025-01-14 07:00:00,74.88720398,51.46060606,26.78088313
2025-01-15 07:00:00,74.20140186,42.43023256,27.14672211
2025-01-16 07:00:00,89.87342514,45.7473525,24.99060401
2025-01-17 07:00:00,80.84893915,14.06099291,27.22166504
2025-01-18 07:00:00,83.51267727,16.2231405,26.83243622
2025-01-19 07:00:00,85.33809496,31.79822616,25.59878138
2025-01-20 07:00:00,84.719634,40.24515393,26.35723455
2025-01-21 07:00:00,72.15098052,21.40628507,28.367937
2025-01-22 07:00:00,75.59979297,30.31176471,27.67156374
2025-01-23 07:00:00,73.8887307,39.52790179,28.17173543
2025-01-24 07:00:00,76.51729647,40.67791077,27.91871857
2025-01-25 07:00:00,86.92736858,15.03859649,26.47723154
2025-01-26 07:00:00,79.55261302,29.74367816,27.7487656
2025-01-27 07:00:00,76.49006694,16.44777778,28.47096062
2025-01-28 07:00:00,73.2380032,21.58013544,27.87928839
2025-01-29 07:00:00,75.60810197,22.69772727,27.24272595
2025-01-30 07:00:00,71.16767395,26.1609589,27.51293097
2025-01-31 07:00:00,68.52036783,24.00341686,27.33671849
2025-02-01 07:00:00,69.23103116,31.66972477,27.31540956
2025-02-02 07:00:00,70.34163933,32.65521191,27.68389042
2025-02-03 07:00:00,65.1142608,35.09466019,28.64454448
2025-02-04 07:00:00,70.26652177,24.4591716,27.77543215
2025-02-05 07:00:00,71.50094292,13.9870892,28.32744995
2025-02-06 07:00:00,69.51178257,19.45486518,28.57917651
2025-02-07 07:00:00,70.93395231,29.32121923,28.2719269
2025-02-08 07:00:00,69.34854779,26.0,28.38559575
2025-02-09 07:00:00,69.91638445,24.61689815,28.37374239
2025-02-10 07:00:00,71.22633582,25.8569807,28.25120069
2025-02-11 07:00:00,68.15962447,27.52272727,28.69379904
2025-02-11 11:15:42,76.32975059,29.5877551,27.63386571
